iter,psnr,runtime
1, 21.489441494393866, 1.008
2, 24.420802769003515, 1.055
3, 27.89483468937889, 1.021
4, 30.173565160653, 0.971
5, 30.776277875110488, 0.939
6, 31.00909797934318, 0.989
7, 31.134676908279843, 1.037
8, 31.21622841360241, 1.056
9, 31.268249483005373, 0.787
10, 31.307133402852497, 0.807
11, 31.32867286905933, 0.73
12, 31.348075828876826, 0.758
