iter,psnr,runtime
1, 12.80507421344381, 0.912
2, 15.344132157643557, 0.852
3, 18.843136592581644, 0.796
4, 23.144581799254112, 0.768
5, 25.475997813076795, 0.888
6, 26.04027936394492, 0.825
7, 26.257149461233794, 0.802
8, 26.3838008526006, 0.775
9, 26.469005148796754, 0.855
10, 26.53305493835527, 0.83
11, 26.586063144200104, 0.879
12, 26.634058231881255, 0.82
13, 26.670207670190123, 0.65
14, 26.703321242997113, 0.703
