iter,psnr,runtime
1, 28.431229055577866, 2.274
2, 31.685115918188558, 2.229
3, 33.51341200664658, 2.388
4, 33.84640338251936, 3.183
5, 33.92515418970253, 1.924
6, 33.943074971001295, 1.879
7, 33.95002063258547, 1.784
8, 33.94788321727411, 1.722
