iter,psnr,runtime
1, 18.179800759382807, 1.214
2, 21.67765595194236, 1.18
3, 26.107883910815286, 1.152
4, 28.304843494427544, 1.103
5, 28.756649806573783, 1.049
6, 28.9548586024802, 1.12
7, 29.0745869395059, 0.999
8, 29.15765767291189, 1.032
9, 29.225317457083907, 1.073
10, 29.279919925631646, 1.216
11, 29.32536364569455, 1.085
12, 29.365599244744505, 0.998
13, 29.398733282521075, 0.917
14, 29.428944395974707, 0.914
