iter,psnr,runtime
1, 28.431310899596625, 8.632
2, 31.685066641523655, 1.909
3, 33.5130426180818, 1.641
4, 33.84607316414555, 1.947
5, 33.9247252247191, 1.661
6, 33.94119849965833, 1.936
7, 33.94881618191428, 1.716
8, 33.94731973734022, 1.581
