iter,psnr,runtime
1, 14.695143404367244, 1.017
2, 17.175774708616387, 0.957
3, 20.522296612192125, 0.954
4, 24.463299888908693, 0.978
5, 26.589215131223593, 0.885
6, 27.181380781222963, 0.948
7, 27.425959415236314, 1.003
8, 27.56835364745109, 0.953
9, 27.664305347387444, 0.934
10, 27.740674239535778, 0.93
11, 27.799597114099356, 0.802
12, 27.852574306410936, 0.778
13, 27.894992845151663, 0.685
14, 27.934100288994276, 0.691
