iter,psnr,runtime
1, 21.48946638393491, 0.951
2, 24.421087937312905, 0.877
3, 27.89578568416689, 0.842
4, 30.174146303077492, 0.904
5, 30.776810203670077, 0.907
6, 31.009345483142308, 0.836
7, 31.135388277315833, 0.879
8, 31.21662392310959, 0.985
9, 31.26888217592691, 0.793
10, 31.307933521894284, 0.765
11, 31.329216133055525, 0.592
12, 31.34894220199606, 0.714
