iter,psnr,runtime
1, 14.695198869586257, 0.945
2, 17.17625985937971, 0.883
3, 20.5231155708329, 0.779
4, 24.464133668332103, 0.803
5, 26.58867425778408, 0.75
6, 27.181111370349733, 0.788
7, 27.425875968447365, 0.878
8, 27.568000059633963, 0.712
9, 27.664337272520022, 0.841
10, 27.740797812741494, 0.702
11, 27.79944866525741, 0.713
12, 27.85247897101941, 0.757
13, 27.894365466483848, 0.633
14, 27.934397256763074, 0.713
