iter,psnr,runtime
1, 18.179852625259308, 1.162
2, 21.678033265484956, 1.156
3, 26.108732170748358, 1.197
4, 28.305128987096662, 0.995
5, 28.757803735750166, 0.882
6, 28.955860078835272, 1.069
7, 29.07568613480986, 1.013
8, 29.158406944523794, 1.063
9, 29.225839530455975, 0.965
10, 29.280404591012527, 0.967
11, 29.32553056054386, 0.879
12, 29.365977703772366, 0.931
13, 29.39895263837784, 0.873
14, 29.428002080186072, 0.787
