iter,psnr,runtime
1, 12.805095345293388, 0.961
2, 15.344293862967753, 0.971
3, 18.84290554338773, 1.11
4, 23.14635753037238, 1.014
5, 25.466333133500854, 0.976
6, 26.036106477000345, 0.944
7, 26.25616263429704, 0.987
8, 26.38399046795871, 0.971
9, 26.46979940362166, 0.868
10, 26.533958145448487, 0.866
11, 26.58700943899986, 0.803
12, 26.634528710312395, 0.812
13, 26.670161578758243, 0.69
14, 26.70333660900984, 0.691
