iter,psnr,runtime
1, 14.695064584293334, 0.498
2, 17.175914074111677, 0.545
3, 20.522272432010716, 0.49
4, 24.462929972486297, 0.506
5, 26.58826699918932, 0.534
6, 27.180633855408725, 0.468
7, 27.424989466597463, 0.565
8, 27.56787007854826, 0.444
9, 27.664195953335163, 0.528
10, 27.740273600704732, 0.417
11, 27.798835601128253, 0.381
12, 27.850325986803533, 0.525
13, 27.892814519210674, 0.341
14, 27.9327922812982, 0.35
