iter,psnr,runtime
1, 28.431361112166076, 1.597
2, 31.684806470069976, 1.355
3, 33.51238456423521, 1.316
4, 33.84632552056496, 1.346
5, 33.92548961925344, 1.345
6, 33.941674973450475, 1.293
7, 33.94873453908734, 1.263
8, 33.94702156800825, 1.256
