iter,psnr,runtime
1, 18.179917399032995, 0.616
2, 21.678166148020686, 0.778
3, 26.108425825197475, 0.577
4, 28.304640245412074, 0.734
5, 28.756722916854603, 0.573
6, 28.954653011860415, 0.607
7, 29.0752130102163, 0.724
8, 29.15780660008321, 0.552
9, 29.226477127720177, 0.727
10, 29.280160215819567, 0.52
11, 29.324925450295936, 0.496
12, 29.365409342101852, 0.738
13, 29.398791311742215, 0.451
14, 29.42859511388195, 0.606
