iter,psnr,runtime
1, 21.489399466479526, 0.52
2, 24.42071717987846, 0.76
3, 27.894778356970928, 0.511
4, 30.174184730770527, 0.762
5, 30.77651417731532, 0.475
6, 31.009908764984385, 0.673
7, 31.134342368625898, 0.449
8, 31.215487107615942, 0.466
9, 31.26633455087211, 0.58
10, 31.306581972388262, 0.379
11, 31.327331764931238, 0.337
12, 31.347498536550496, 0.612
