iter,psnr,runtime
1, 12.805221454784729, 0.555
2, 15.34428141663372, 0.498
3, 18.843580429206998, 0.547
4, 23.14558652765174, 0.467
5, 25.467564788294364, 0.557
6, 26.037260661943915, 0.444
7, 26.25746091299516, 0.433
8, 26.384385184145707, 0.554
9, 26.46935621844782, 0.421
10, 26.533211203675638, 0.555
11, 26.586876306800807, 0.384
12, 26.63529904302287, 0.389
13, 26.670004951217265, 0.461
14, 26.702947855612372, 0.333
