iter,psnr,runtime
1, 18.179886871916732, 1.809
2, 21.677953086467237, 2.074
3, 26.10863587722828, 1.869
4, 28.305184960460142, 2.085
5, 28.756910409082142, 1.87
6, 28.954976823121548, 2.098
7, 29.07479643190557, 1.773
8, 29.15750551041759, 1.854
9, 29.225354972666587, 1.828
10, 29.279652143688384, 1.78
11, 29.32491643822649, 1.677
12, 29.365570955358027, 1.824
13, 29.39845940384096, 1.475
14, 29.428572813075114, 1.809
