iter,psnr,runtime
1, 28.431407180936606, 3.589
2, 31.685291439056414, 3.586
3, 33.51358179377034, 3.506
4, 33.84685307872541, 3.771
5, 33.92527495491761, 3.338
6, 33.94258453536837, 3.3
7, 33.949620590260665, 3.105
8, 33.94827112470569, 3.113
