iter,psnr,runtime
1, 21.489413627006577, 1.764
2, 24.420639722868927, 1.683
3, 27.89522813101004, 1.501
4, 30.17327170975584, 1.6
5, 30.776333673337255, 1.523
6, 31.008607072660297, 1.672
7, 31.13400853543656, 1.399
8, 31.21541738775844, 1.378
9, 31.2677203670016, 1.191
10, 31.307264039712518, 1.239
11, 31.328210620431488, 1.001
12, 31.347969154952573, 1.12
