iter,psnr,runtime
1, 14.695103989995097, 2.157
2, 17.17567687834378, 1.991
3, 20.522492061074217, 1.922
4, 24.463973172113914, 1.979
5, 26.5896235347723, 1.813
6, 27.18176312049905, 1.831
7, 27.426645023712833, 1.884
8, 27.569041103173266, 1.538
9, 27.664939507152287, 1.68
10, 27.74080624477456, 1.77
11, 27.799611040747543, 1.687
12, 27.852596093866943, 1.613
13, 27.89492737606751, 1.204
14, 27.934180843423693, 1.588
