iter,psnr,runtime
1, 12.80511257148224, 1.998
2, 15.344247719688838, 1.992
3, 18.843341815451577, 1.657
4, 23.145297997391115, 2.003
5, 25.4665405729731, 1.837
6, 26.036201359262453, 1.838
7, 26.25602298657703, 1.755
8, 26.383814529242848, 1.721
9, 26.469322309993498, 1.66
10, 26.534013842472845, 1.451
11, 26.58699405475165, 1.594
12, 26.634555949704264, 1.597
13, 26.6705346434232, 1.218
14, 26.70353109003849, 1.547
