iter,psnr,runtime
1, 28.431437779878348, 3.598
2, 31.68530514954781, 3.513
3, 33.51355255191833, 3.577
4, 33.84683197174457, 3.551
5, 33.92487224585382, 3.272
6, 33.94242525127001, 3.468
7, 33.949567722583424, 3.162
8, 33.94796833818066, 3.147
