iter,psnr,runtime
1, 21.48940999002491, 1.842
2, 24.420709056018822, 1.85
3, 27.895143103461077, 1.708
4, 30.173449425403437, 1.627
5, 30.776496596162705, 1.525
6, 31.00909515291243, 1.647
7, 31.134741446962167, 1.546
8, 31.216024694020913, 1.454
9, 31.268321467057167, 1.168
10, 31.30764343185284, 1.245
11, 31.328662504822073, 1.048
12, 31.3469151823113, 1.028
