iter,psnr,runtime
1, 18.179846193027714, 1.879
2, 21.677908789494523, 2.491
3, 26.108787090996397, 1.794
4, 28.30526375304827, 2.205
5, 28.75671947604423, 1.892
6, 28.954997431254455, 1.868
7, 29.075120083061442, 1.9
8, 29.157752751627104, 1.74
9, 29.22539963369355, 1.807
10, 29.27994657252561, 1.847
11, 29.325103511624853, 1.765
12, 29.365523862318835, 1.769
13, 29.398904366460755, 1.862
14, 29.429001014561692, 1.665
