iter,psnr,runtime
1, 12.805125961846187, 1.575
2, 15.344289905115595, 1.535
3, 18.84280324727226, 1.503
4, 23.14551453398382, 1.529
5, 25.467440885825397, 1.426
6, 26.036361937770753, 1.566
7, 26.256555954805552, 1.427
8, 26.38412553664086, 1.4
9, 26.469662447450503, 1.323
10, 26.53451063214679, 1.301
11, 26.58712848440049, 1.266
12, 26.634630497546894, 1.214
13, 26.670544166807534, 1.069
14, 26.703246988116323, 1.062
