iter,psnr,runtime
1, 14.695106129489837, 1.597
2, 17.17569474873497, 1.585
3, 20.522284866652456, 1.519
4, 24.463281934339953, 1.502
5, 26.588708549309363, 1.509
6, 27.18060186097562, 1.491
7, 27.425136536177053, 1.39
8, 27.56723839632645, 1.391
9, 27.663369585443565, 1.308
10, 27.739830010147358, 1.336
11, 27.79879847706116, 1.211
12, 27.85194076125424, 1.224
13, 27.89449915076087, 1.107
14, 27.933747449646567, 1.03
